POS,Player,Mat,Inns,Ov,Runs,Wkts,Avg,Econ,SR,4w,5w,Year ,,,,,,,,,,,
1,Bhuvneshwar Kumar,17,17,66,490,23,21.3,7.42,17.21,1,0,2016,,,,,,,,,,,
2,Yuzvendra Chahal,13,13,49,401,21,19.09,8.15,14.04,1,0,2016,,,,,,,,,,,
3,Shane Watson,16,16,56,485,20,24.25,8.58,16.95,1,0,2016,,,,,,,,,,,
4,Dhawal Kulkarni,14,14,49,364,18,20.22,7.42,16.33,1,0,2016,,,,,,,,,,,
5,Mitchell McClenaghan,14,14,53,436,17,25.64,8.17,18.82,1,0,2016,,,,,,,,,,,
6,Dwayne Bravo,15,15,56,494,17,29.05,8.82,19.76,1,0,2016,,,,,,,,,,,
7,Mustafizur Rahman,16,16,61,421,17,24.76,6.9,21.52,0,0,2016,,,,,,,,,,,
8,Jasprit Bumrah,14,14,52,406,15,27.06,7.8,20.8,0,0,2016,,,,,,,,,,,
9,Sandeep Sharma,14,14,50,366,15,24.4,7.32,20,0,0,2016,,,,,,,,,,,
10,Andre Russell,12,12,36,291,15,19.4,7.97,14.6,1,0,2016,,,,,,,,,,,
11,Barinder Sran,14,14,49,413,14,29.5,8.34,21.21,0,0,2016,,,,,,,,,,,
12,Axar Patel,14,14,48,388,13,29.84,8.11,22.07,1,0,2016,,,,,,,,,,,
13,Mohit Sharma,14,14,48,407,13,31.3,8.39,22.38,0,0,2016,,,,,,,,,,,
14,Chris Morris,12,12,44,308,13,23.69,7,20.3,0,0,2016,,,,,,,,,,,
15,Amit Mishra,14,14,46,344,13,26.46,7.47,21.23,1,0,2016,,,,,,,,,,,
16,Adam Zampa,5,5,17,115,12,9.58,6.76,8.5,0,1,2016,,,,,,,,,,,
17,Moises Henriques,17,17,52,415,12,34.58,7.98,26,0,0,2016,,,,,,,,,,,
18,Sreenath Aravind,9,9,29,216,11,19.63,7.4,15.9,0,0,2016,,,,,,,,,,,
19,Sunil Narine,11,11,43,304,11,27.63,7.09,23.36,0,0,2016,,,,,,,,,,,
20,Ashok Dinda,9,9,30,231,11,21,7.57,16.63,0,0,2016,,,,,,,,,,,
21,Piyush Chawla,12,11,35,273,11,24.81,7.72,19.27,0,0,2016,,,,,,,,,,,
22,Chris Jordan,9,9,28,258,11,23.45,9.21,15.27,1,0,2016,,,,,,,,,,,
23,Zaheer Khan,12,12,43,337,10,33.7,7.71,26.2,0,0,2016,,,,,,,,,,,
24,Morne Morkel,10,10,35,297,10,29.7,8.36,21.3,0,0,2016,,,,,,,,,,,
25,Umesh Yadav,9,9,26,234,10,23.4,9,15.6,0,0,2016,,,,,,,,,,,
26,Ravichandran Ashwin,14,14,44,319,10,31.9,7.25,26.4,1,0,2016,,,,,,,,,,,
27,Tim Southee,11,11,43,329,9,36.55,7.65,28.66,0,0,2016,,,,,,,,,,,
28,Thisara Perera,12,11,33,326,9,36.22,9.82,22.11,0,0,2016,,,,,,,,,,,
29,Praveen Kumar,16,16,51,401,9,44.55,7.78,34.33,0,0,2016,,,,,,,,,,,
30,Ashish Nehra,8,8,26,199,9,22.11,7.65,17.33,0,0,2016,,,,,,,,,,,
31,Harbhajan Singh,14,14,49,392,9,43.55,8,32.66,0,0,2016,,,,,,,,,,,
32,Dwayne Smith,12,8,18,153,8,19.12,8.5,13.5,1,0,2016,,,,,,,,,,,
33,Ravindra Jadeja,15,14,40,311,8,38.87,7.74,30.12,0,0,2016,,,,,,,,,,,
34,Marcus Stoinis,7,7,23,194,8,24.25,8.43,17.25,1,0,2016,,,,,,,,,,,
35,Kane Richardson,4,4,14,136,7,19.42,9.71,12,0,0,2016,,,,,,,,,,,
36,Carlos Brathwaite,8,8,23,185,7,26.42,7.98,19.85,0,0,2016,,,,,,,,,,,
37,Murugan Ashwin,10,10,28,241,7,34.42,8.45,24.42,0,0,2016,,,,,,,,,,,
38,Shivil Kaushik,7,7,23,192,6,32,8.34,23,0,0,2016,,,,,,,,,,,
39,Krunal Pandya,12,11,31,236,6,39.33,7.57,31.16,0,0,2016,,,,,,,,,,,
40,Kuldeep Yadav,3,3,12,100,6,16.66,8.33,12,0,0,2016,,,,,,,,,,,
41,Iqbal Abdulla,8,8,25,213,6,35.5,8.52,25,0,0,2016,,,,,,,,,,,
42,Rajat Bhatia,10,10,34,244,6,40.66,7.17,34,0,0,2016,,,,,,,,,,,
43,Pravin Tambe,7,7,16,143,5,28.6,8.93,19.2,0,0,2016,,,,,,,,,,,
44,Shakib Al Hasan,10,9,31,243,5,48.6,7.83,37.2,0,0,2016,,,,,,,,,,,
45,Ben Cutting,4,4,11,80,5,16,7.16,13.4,0,0,2016,,,,,,,,,,,
46,Imran Tahir,4,4,16,138,5,27.6,8.62,19.2,0,0,2016,,,,,,,,,,,
47,Mohammad Shami,8,8,25,244,5,48.8,9.69,30.2,0,0,2016,,,,,,,,,,,
48,Brad Hogg,5,5,16,142,4,35.5,8.87,24,0,0,2016,,,,,,,,,,,
49,Mitchell Marsh,3,3,9,45,4,11.25,5,13.5,0,0,2016,,,,,,,,,,,
50,Bipul Sharma,7,6,14,121,3,40.33,8.64,28,0,0,2016,,,,,,,,,,,
51,Vinay Kumar,3,3,9,64,3,21.33,7.11,18,0,0,2016,,,,,,,,,,,
52,RP Singh,4,4,12,111,3,37,9.25,24,0,0,2016,,,,,,,,,,,
53,Ankit Rajpoot,4,4,11,98,3,32.66,8.9,22,0,0,2016,,,,,,,,,,,
54,Tabraiz Shamsi,4,4,16,147,3,49,9.18,32,0,0,2016,,,,,,,,,,,
55,Pradeep Sahu,5,5,17,146,3,48.66,8.34,35,0,0,2016,,,,,,,,,,,
56,Nathan Coulter-Nile,4,4,15,114,3,38,7.6,30,0,0,2016,,,,,,,,,,,
57,Hardik Pandya,11,10,16,153,3,51,9.18,33.33,0,0,2016,,,,,,,,,,,
58,Ishant Sharma,4,4,15,148,3,49.33,9.86,30,0,0,2016,,,,,,,,,,,
59,Deepak Hooda,17,6,13,97,3,32.33,7.46,26,0,0,2016,,,,,,,,,,,
60,KC Cariappa,5,5,17,159,3,53,9.35,34,0,0,2016,,,,,,,,,,,
61,Scott Boland,2,2,7,54,2,27,7.71,21,0,0,2016,,,,,,,,,,,
62,James Faulkner,7,7,17,167,2,83.5,9.82,51,0,0,2016,,,,,,,,,,,
63,Jason Holder,4,4,13,103,2,51.5,7.92,39,0,0,2016,,,,,,,,,,,
64,Jayant Yadav,5,5,17,125,2,62.5,7.35,51,0,0,2016,,,,,,,,,,,
65,John Hastings,2,2,6,37,2,18.5,5.55,20,0,0,2016,,,,,,,,,,,
66,Varun Aaron,8,8,23,227,2,113.5,9.59,71,0,0,2016,,,,,,,,,,,
67,JP Duminy,10,5,7,55,2,27.5,7.85,21,0,0,2016,,,,,,,,,,,
68,Shahbaz Nadeem,4,4,15,127,2,63.5,8.46,45,0,0,2016,,,,,,,,,,,
69,Shadab Jakati,6,6,20,178,2,89,8.9,60,0,0,2016,,,,,,,,,,,
70,Sachin Baby,11,2,1,8,2,4,4.8,5,0,0,2016,,,,,,,,,,,
71,Kyle Abbott,5,5,16,177,2,88.5,11.06,48,0,0,2016,,,,,,,,,,,
72,Rishi Dhawan,2,2,7,56,2,28,8,21,0,0,2016,,,,,,,,,,,
73,Mitchell Johnson,3,3,11,106,2,53,9.63,33,0,0,2016,,,,,,,,,,,
74,Gurkeerat Mann Singh,7,3,4,31,2,15.5,7.75,12,0,0,2016,,,,,,,,,,,
75,Chris Gayle,10,4,10,63,2,31.5,6.3,30,0,0,2016,,,,,,,,,,,
76,Albie Morkel,2,2,5,66,2,33,13.2,15,0,0,2016,,,,,,,,,,,
77,Yusuf Pathan,15,4,6,33,1,33,5.5,36,0,0,2016,,,,,,,,,,,
78,Trent Boult,1,1,4,39,1,39,9.75,24,0,0,2016,,,,,,,,,,,
79,Adam Milne,1,1,4,43,1,43,10.75,24,0,0,2016,,,,,,,,,,,
80,Ankit Sharma,3,3,11,84,1,84,7.63,66,0,0,2016,,,,,,,,,,,
81,Stuart Binny,14,11,17,134,1,134,7.88,102,0,0,2016,,,,,,,,,,,
82,Ashish Reddy,4,2,4,39,1,39,10.17,23,0,0,2016,,,,,,,,,,,
83,Rajagopal Sathish,4,3,6,59,1,59,9.83,36,0,0,2016,,,,,,,,,,,
84,Pawan Negi,8,5,9,84,1,84,9.33,54,0,0,2016,,,,,,,,,,,
85,Parveez Rasool,4,4,14,129,1,129,9.21,84,0,0,2016,,,,,,,,,,,
86,Harshal Patel,5,5,14,147,1,147,10.5,84,0,1,2016,,,,,,,,,,,1
1,Bhuvneshwar Kumar,14,14,52,369,26,14.19,7.05,12.07,0,1,2017,,,,,,,,,,,
2,Jaydev Unadkat,12,12,46,322,24,13.41,7.02,11.45,0,1,2017,,,,,,,,,,,
3,Jasprit Bumrah,16,16,59,439,20,21.95,7.39,17.8,0,0,2017,,,,,,,,,,,
4,Mitchell McClenaghan,14,14,54,507,19,26.68,9.38,17.05,0,0,2017,,,,,,,,,,,
5,Imran Tahir,12,12,47,369,18,20.5,7.85,15.66,0,0,2017,,,,,,,,,,,
6,Chris Woakes,13,13,44,386,17,22.7,8.77,15.52,0,0,2017,,,,,,,,,,,
7,Rashid Khan,14,14,54,358,17,21.05,6.62,19.05,0,0,2017,,,,,,,,,,,
8,Sandeep Sharma,13,13,48,398,17,23.41,8.29,16.94,1,0,2017,,,,,,,,,,,
9,Umesh Yadav,14,14,48,410,17,24.11,8.45,17.11,1,0,2017,,,,,,,,,,,
10,Siddarth Kaul,10,10,35,300,16,18.75,8.41,13.37,1,0,2017,,,,,,,,,,,
11,Pawan Negi,12,12,32,197,16,12.31,6.12,12.06,0,0,2017,,,,,,,,,,,
12,Axar Patel,14,14,48,362,15,24.13,7.54,19.2,0,0,2017,,,,,,,,,,,
13,Nathan Coulter-Nile,8,8,28,228,15,15.2,8.04,11.33,0,0,2017,,,,,,,,,,,
14,Pat Cummins,12,12,46,373,15,24.86,8.07,18.46,0,0,2017,,,,,,,,,,,
15,Yuzvendra Chahal,13,13,43,333,14,23.78,7.65,18.64,0,0,2017,,,,,,,,,,,
16,Mohit Sharma,14,14,45,410,13,31.53,8.97,21.07,0,0,2017,,,,,,,,,,,
17,Karn Sharma,9,9,30,214,13,16.46,6.97,14.15,1,0,2017,,,,,,,,,,,
18,Kuldeep Yadav,12,11,41,340,12,28.33,8.29,20.5,0,0,2017,,,,,,,,,,,
19,Chris Morris,9,9,31,240,12,20,7.74,15.5,1,0,2017,,,,,,,,,,,
20,Ben Stokes,12,12,44,316,12,26.33,7.18,22,0,0,2017,,,,,,,,,,,
21,Andrew Tye,6,6,21,141,12,11.75,6.71,10.5,0,1,2017,,,,,,,,,,,
22,Shardul Thakur,12,12,38,315,11,28.63,8.25,20.81,0,0,2017,,,,,,,,,,,
23,Dan Christian,13,13,40,298,11,27.09,7.45,21.81,0,0,2017,,,,,,,,,,,
24,Basil Thampi,12,12,44,424,11,38.54,9.49,24.36,0,0,2017,,,,,,,,,,,
25,Lasith Malinga,12,12,45,382,11,34.72,8.52,24.45,0,0,2017,,,,,,,,,,,
26,Zaheer Khan,11,11,40,313,10,31.3,7.79,24.1,0,0,2017,,,,,,,,,,,
27,Sunil Narine,16,15,59,412,10,41.2,6.98,35.4,0,0,2017,,,,,,,,,,,
28,Mohammed Siraj,6,6,23,212,10,21.2,9.21,13.8,1,0,2017,,,,,,,,,,,
29,Amit Mishra,14,14,39,343,10,34.3,8.83,23.3,0,0,2017,,,,,,,,,,,
30,Krunal Pandya,13,13,40,273,10,27.3,6.82,24,0,0,2017,,,,,,,,,,,
31,Samuel Badree,7,7,25,188,9,20.88,7.52,16.66,1,0,2017,,,,,,,,,,,
32,Washington Sundar,11,10,30,185,8,23.12,6.16,22.5,0,0,2017,,,,,,,,,,,
33,Harbhajan Singh,11,11,41,266,8,33.25,6.48,30.75,0,0,2017,,,,,,,,,,,
34,Ashish Nehra,6,6,21,197,8,24.62,9.3,15.87,0,0,2017,,,,,,,,,,,
35,Varun Aaron,6,6,20,163,7,23.28,8.15,17.14,0,0,2017,,,,,,,,,,,
36,Mitchell Johnson,5,5,20,141,7,20.14,7.05,17.14,0,0,2017,,,,,,,,,,,
37,Adam Zampa,6,6,20,163,7,23.28,8.21,17,0,0,2017,,,,,,,,,,,
38,Glenn Maxwell,14,8,19,125,7,17.85,6.57,16.28,0,0,2017,,,,,,,,,,,
39,James Faulkner,8,8,26,258,6,43,9.79,26.33,0,0,2017,,,,,,,,,,,
40,Shahbaz Nadeem,7,7,18,119,6,19.83,6.67,17.83,0,0,2017,,,,,,,,,,,
41,Praveen Kumar,6,6,16,151,6,25.16,9.15,16.5,0,0,2017,,,,,,,,,,,
42,Piyush Chawla,6,6,20,179,6,29.83,8.95,20,0,0,2017,,,,,,,,,,,
43,Kagiso Rabada,6,6,21,188,6,31.33,8.81,21.33,0,0,2017,,,,,,,,,,,
44,Hardik Pandya,17,13,26,213,6,35.5,8.19,26,0,0,2017,,,,,,,,,,,
45,Aniket Choudhary,5,5,17,144,5,28.8,8.55,20.2,0,0,2017,,,,,,,,,,,
46,Pradeep Sangwan,5,5,18,181,5,36.2,10.05,21.6,0,0,2017,,,,,,,,,,,
47,Tymal Mills,5,5,18,153,5,30.6,8.57,21.4,0,0,2017,,,,,,,,,,,
48,Mohammad Shami,8,8,26,243,5,48.6,9.34,31.2,0,0,2017,,,,,,,,,,,
49,Trent Boult,6,6,24,216,5,43.2,9.06,28.6,0,0,2017,,,,,,,,,,,
50,Ravindra Jadeja,12,12,38,349,5,69.8,9.18,45.6,0,0,2017,,,,,,,,,,,
51,Sreenath Aravind,10,10,30,275,5,55,9.01,36.6,0,0,2017,,,,,,,,,,,
52,Shane Watson,8,8,27,245,5,49,9.13,32.2,0,0,2017,,,,,,,,,,,
53,Stuart Binny,8,4,6,50,4,12.5,8.33,9,0,0,2017,,,,,,,,,,,
54,Colin de Grandhomme,12,9,16,135,4,33.75,8.43,24,0,0,2017,,,,,,,,,,,
55,KC Cariappa,4,4,15,127,4,31.75,8.46,22.5,0,0,2017,,,,,,,,,,,
56,Ankit Rajpoot,5,5,14,107,4,26.75,7.64,21,0,0,2017,,,,,,,,,,,
57,Lockie Ferguson,4,4,13,93,3,31,7.15,26,0,0,2017,,,,,,,,,,,
58,Bipul Sharma,7,7,16,129,3,43,7.89,32.66,0,0,2017,,,,,,,,,,,
59,Tim Southee,3,3,10,96,3,32,9.6,20,0,0,2017,,,,,,,,,,,
60,Rahul Tewatia,3,3,9,49,3,16.33,5.44,18,0,0,2017,,,,,,,,,,,
61,Adam Milne,4,4,14,134,3,44.66,9.57,28,0,0,2017,,,,,,,,,,,
62,Harshal Patel,1,1,4,43,3,14.33,10.75,8,0,0,2017,,,,,,,,,,,
63,Corey Anderson,11,8,19,186,3,62,9.87,37.66,0,0,2017,,,,,,,,,,,
64,Dhawal Kulkarni,6,6,19,173,3,57.66,9.18,37.66,0,0,2017,,,,,,,,,,,
65,Iqbal Abdulla,2,2,5,55,2,27.5,11,15,0,0,2017,,,,,,,,,,,
66,Marcus Stoinis,5,5,10,110,2,55,10.47,31.5,0,0,2017,,,,,,,,,,,
67,Vinay Kumar,1,1,3,31,2,15.5,10.33,9,0,0,2017,,,,,,,,,,,
68,Ankit Soni,7,6,18,144,2,72,7.92,54.5,0,0,2017,,,,,,,,,,,
69,Mohammad Nabi,3,3,11,58,2,29,5.27,33,0,0,2017,,,,,,,,,,,
70,Dwayne Smith,12,9,13,148,2,74,11.38,39,0,0,2017,,,,,,,,,,,
71,Travis Head,7,5,8,81,2,40.5,10.12,24,0,0,2017,,,,,,,,,,,
72,T Natarajan,6,6,12,115,2,57.5,9.07,38,0,0,2017,,,,,,,,,,,
73,Rahul Chahar,3,2,7,58,2,29,8.28,21,0,0,2017,,,,,,,,,,,
74,Rajat Bhatia,3,3,7,55,2,27.5,7.85,21,0,0,2017,,,,,,,,,,,
75,Billy Stanlake,2,2,8,70,2,35,8.75,24,0,0,2017,,,,,,,,,,,
76,Deepak Hooda,10,3,4,42,2,21,10.5,12,0,0,2017,,,,,,,,,,,
77,Nathu Singh,2,2,4,15,1,15,3.75,24,0,0,2017,,,,,,,,,,,
78,Matt Henry,2,2,5,71,1,71,14.2,30,0,0,2017,,,,,,,,,,,
79,Yuvraj Singh,12,2,2,22,1,22,11,12,0,0,2017,,,,,,,,,,,
80,Yusuf Pathan,15,4,4,41,1,41,10.25,24,0,0,2017,,,,,,,,,,,
81,Carlos Brathwaite,2,2,6,67,1,67,11.16,36,0,0,2017,,,,,,,,,,,
82,Deepak Chahar,3,3,7,74,1,74,10.57,42,0,0,2017,,,,,,,,,,,
83,Ashok Dinda,3,3,10,119,1,119,11.9,60,0,0,2017,,,,,,,,,,,
84,Munaf Patel,2,2,7,57,1,57,8.14,42,0,0,2017,,,,,,,,,,,
85,Shubham Agarwal,1,1,4,42,1,42,10.5,24,0,0,2017,,,,,,,,,,,
86,Ben Cutting,4,4,12,123,1,123,9.71,76,0,0,2017,,,,,,,,,,,
87,Swapnil Singh,4,4,7,61,1,61,8.71,42,0,0,2017,,,,,,,,,,,
88,Suresh Raina,14,6,12,102,1,102,8.5,72,0,0,2017,,,,,,,,,,,
89,Avesh Khan,1,1,4,23,1,23,5.75,24,0,0,2017,,,,,,,,,,,
90,Moises Henriques,12,12,24,248,1,248,10.33,144,0,1,2017,,,,,,,,,,,
1,Andrew Tye,14,14,56,448,24,18.66,8,14,3,0,2018,,,,,,,,,,,
2,Siddarth Kaul,17,17,66,547,21,26.04,8.28,18.85,0,0,2018,,,,,,,,,,,
3,Rashid Khan,17,17,68,458,21,21.8,6.73,19.42,0,0,2018,,,,,,,,,,,
4,Umesh Yadav,14,14,53,418,20,20.9,7.86,15.95,0,0,2018,,,,,,,,,,,
5,Hardik Pandya,13,13,42,381,18,21.16,8.92,14.22,0,0,2018,,,,,,,,,,,
6,Trent Boult,14,14,52,466,18,25.88,8.84,17.55,0,0,2018,,,,,,,,,,,
7,Jasprit Bumrah,14,14,54,372,17,21.88,6.88,19.05,0,0,2018,,,,,,,,,,,
8,Sunil Narine,16,16,61,467,17,27.47,7.65,21.52,0,0,2018,,,,,,,,,,,
9,Kuldeep Yadav,16,16,51,418,17,24.58,8.14,18.11,1,0,2018,,,,,,,,,,,
10,Shardul Thakur,13,13,46,431,16,26.93,9.23,17.5,0,0,2018,,,,,,,,,,,
11,Jofra Archer,10,10,39,325,15,21.66,8.36,15.53,0,0,2018,,,,,,,,,,,
12,Mayank Markande,14,14,44,368,15,24.53,8.36,17.6,1,0,2018,,,,,,,,,,,
13,Dwayne Bravo,16,16,53,533,14,38.07,9.96,22.92,0,0,2018,,,,,,,,,,,
14,Mitchell McClenaghan,11,11,40,332,14,23.71,8.3,17.14,0,0,2018,,,,,,,,,,,
15,Mujeeb Ur Rahman,11,11,41,289,14,20.64,6.99,17.71,0,0,2018,,,,,,,,,,,
16,Piyush Chawla,15,15,49,412,14,29.42,8.4,21,0,0,2018,,,,,,,,,,,
17,Shakib Al Hasan,17,17,57,456,14,32.57,8,24.42,0,0,2018,,,,,,,,,,,
18,Andre Russell,16,15,38,355,13,27.3,9.38,17.46,0,0,2018,,,,,,,,,,,
19,Sandeep Sharma,12,12,44,333,12,27.75,7.56,22,0,0,2018,,,,,,,,,,,
20,Krunal Pandya,14,13,40,284,12,23.66,7.07,20.08,0,0,2018,,,,,,,,,,,
21,Amit Mishra,10,10,37,264,12,22,7.13,18.5,0,0,2018,,,,,,,,,,,
22,Yuzvendra Chahal,14,14,50,363,12,30.25,7.26,25,0,0,2018,,,,,,,,,,,
23,Ankit Rajpoot,8,8,26,223,11,20.27,8.52,14.27,0,1,2018,,,,,,,,,,,
24,Mohammed Siraj,11,11,41,367,11,33.36,8.95,22.36,0,0,2018,,,,,,,,,,,
25,Lungi Ngidi,7,7,26,156,11,14.18,6,14.18,1,0,2018,,,,,,,,,,,
26,Krishnappa Gowtham,15,15,40,312,11,28.36,7.8,21.81,0,0,2018,,,,,,,,,,,
27,Ravindra Jadeja,16,14,41,303,11,27.54,7.39,22.36,0,0,2018,,,,,,,,,,,
28,Jaydev Unadkat,15,15,50,486,11,44.18,9.65,27.45,0,0,2018,,,,,,,,,,,
29,Shreyas Gopal,11,10,31,236,11,21.45,7.61,16.9,1,0,2018,,,,,,,,,,,
30,Deepak Chahar,12,12,38,278,10,27.8,7.28,22.9,0,0,2018,,,,,,,,,,,
31,Prasidh Krishna,7,7,28,260,10,26,9.28,16.8,1,0,2018,,,,,,,,,,,
32,Ravichandran Ashwin,14,14,50,410,10,41,8.09,30.4,0,0,2018,,,,,,,,,,,
33,Ben Laughlin,7,7,21,211,9,23.44,10.04,14,0,0,2018,,,,,,,,,,,
34,Bhuvneshwar Kumar,12,12,46,354,9,39.33,7.66,30.77,0,0,2018,,,,,,,,,,,
35,Chris Woakes,5,5,18,190,8,23.75,10.36,13.75,0,0,2018,,,,,,,,,,,
36,Ben Stokes,13,12,37,303,8,37.87,8.18,27.75,0,0,2018,,,,,,,,,,,
37,Harshal Patel,5,5,17,167,7,23.85,9.54,15,0,0,2018,,,,,,,,,,,
38,Mohit Sharma,9,9,29,322,7,46,10.85,25.42,0,0,2018,,,,,,,,,,,
39,Mustafizur Rahman,7,7,27,230,7,32.85,8.36,23.57,0,0,2018,,,,,,,,,,,
40,Harbhajan Singh,13,12,32,270,7,38.57,8.48,27.28,0,0,2018,,,,,,,,,,,
41,Imran Tahir,6,6,20,188,6,31.33,9.09,20.66,0,0,2018,,,,,,,,,,,
42,Tom Curran,5,5,10,118,6,19.66,11.6,10.16,0,0,2018,,,,,,,,,,,
43,Rahul Tewatia,8,8,22,173,6,28.83,7.86,22,0,0,2018,,,,,,,,,,,
44,Shane Watson,15,11,28,251,6,41.83,8.96,28,0,0,2018,,,,,,,,,,,
45,Tim Southee,8,8,29,261,5,52.2,9,34.8,0,0,2018,,,,,,,,,,,
46,Sandeep Lamichhane,3,3,12,82,5,16.4,6.83,14.4,0,0,2018,,,,,,,,,,,
47,Basil Thampi,4,4,10,114,5,22.8,11.21,12.2,0,0,2018,,,,,,,,,,,
48,Shivam Mavi,9,9,28,270,5,54,9.64,33.6,0,0,2018,,,,,,,,,,,
49,Billy Stanlake,4,4,16,130,5,26,8.12,19.2,0,0,2018,,,,,,,,,,,
50,Carlos Brathwaite,4,4,10,94,5,18.8,9.24,12.2,0,0,2018,,,,,,,,,,,
51,Glenn Maxwell,12,10,16,132,5,26.4,8.25,19.2,0,0,2018,,,,,,,,,,,
52,Ish Sodhi,6,6,23,135,5,27,5.86,27.6,0,0,2018,,,,,,,,,,,
53,Dhawal Kulkarni,8,8,20,188,4,47,9.47,29.75,0,0,2018,,,,,,,,,,,
54,Washington Sundar,7,7,20,192,4,48,9.6,30,0,0,2018,,,,,,,,,,,
55,Avesh Khan,6,6,19,204,4,51,10.73,28.5,0,0,2018,,,,,,,,,,,
56,Nitish Rana,15,5,6,44,4,11,7.13,9.25,0,0,2018,,,,,,,,,,,
57,Barinder Sran,6,6,22,229,4,57.25,10.4,33,0,0,2018,,,,,,,,,,,
58,Dan Christian,4,4,12,101,4,25.25,8.53,17.75,0,0,2018,,,,,,,,,,,
59,Liam Plunkett,7,7,25,225,4,56.25,9,37.5,0,0,2018,,,,,,,,,,,
60,Karn Sharma,6,5,9,89,4,22.25,9.36,14.25,0,0,2018,,,,,,,,,,,
61,Shahbaz Nadeem,6,6,15,161,3,53.66,10.73,30,0,0,2018,,,,,,,,,,,
62,Axar Patel,9,8,26,218,3,72.66,8.38,52,0,0,2018,,,,,,,,,,,
63,Mohammad Shami,4,4,14,144,3,48,10.4,27.66,0,0,2018,,,,,,,,,,,
64,Corey Anderson,3,3,8,115,3,38.33,13.26,17.33,0,0,2018,,,,,,,,,,,
65,KM Asif,2,2,6,75,3,25,12.5,12,0,0,2018,,,,,,,,,,,
66,Moeen Ali,5,5,13,97,3,32.33,7.36,26.33,0,0,2018,,,,,,,,,,,
67,Murugan Ashwin,2,2,7,53,3,17.66,7.57,14,0,0,2018,,,,,,,,,,,
68,Marcus Stoinis,7,6,11,120,3,40,10.9,22,0,0,2018,,,,,,,,,,,
69,Chris Morris,4,4,14,143,3,47.66,10.21,28,0,0,2018,,,,,,,,,,,
70,Colin de Grandhomme,9,7,15,129,2,64.5,8.6,45,0,0,2018,,,,,,,,,,,
71,Vinay Kumar,2,2,4,65,2,32.5,16.95,11.5,0,0,2018,,,,,,,,,,,
72,David Willey,3,3,10,95,2,47.5,9.5,30,0,0,2018,,,,,,,,,,,
73,Mitchell Johnson,6,6,21,216,2,108,10.28,63,0,0,2018,,,,,,,,,,,
74,Kulwant Khejroliya,3,3,11,107,2,53.5,9.87,32.5,0,0,2018,,,,,,,,,,,
75,Javon Searles,4,3,7,89,2,44.5,12.71,21,0,0,2018,,,,,,,,,,,
76,Ben Cutting,9,7,17,168,2,84,9.88,51,0,0,2018,,,,,,,,,,,
77,Pawan Negi,2,2,4,49,1,49,12.25,24,0,0,2018,,,,,,,,,,,
78,D'Arcy Short,7,2,3,19,1,19,6.33,18,0,0,2018,,,,,,,,,,,
79,Anureet Singh,3,3,4,42,1,42,10.5,24,0,0,2018,,,,,,,,,,,
80,Vijay Shankar,13,4,5,58,1,58,11.6,30,0,0,2018,,,,,,,,,,,
81,Yusuf Pathan,15,1,2,14,1,14,7,12,0,0,2018,,,,,,,,,,,
82,Mohammad Nabi,2,2,5,47,1,47,9.4,30,0,1,2018,,,,,,,,,,,
1,Imran Tahir,17,17,64,431,26,16.57,6.69,14.84,2,0,2019,,,,,,,,,,,
2,Kagiso Rabada,12,12,47,368,25,14.72,7.82,11.28,2,0,2019,,,,,,,,,,,
3,Deepak Chahar,17,17,64,482,22,21.9,7.47,17.59,0,0,2019,,,,,,,,,,,
4,Shreyas Gopal,14,14,48,347,20,17.35,7.22,14.4,0,0,2019,,,,,,,,,,,
5,Mohammad Shami,14,14,54,469,19,24.68,8.68,17.05,0,0,2019,,,,,,,,,,,
6,Khaleel Ahmed,9,9,35,287,19,15.1,8.23,11,0,0,2019,,,,,,,,,,,
7,Jasprit Bumrah,16,16,61,409,19,21.52,6.63,19.47,0,0,2019,,,,,,,,,,,
8,Yuzvendra Chahal,14,14,49,386,18,21.44,7.82,16.44,1,0,2019,,,,,,,,,,,
9,Rashid Khan,15,15,60,377,17,22.17,6.28,21.17,0,0,2019,,,,,,,,,,,
10,Lasith Malinga,12,12,45,438,16,27.37,9.76,16.81,2,0,2019,,,,,,,,,,,
11,Harbhajan Singh,11,11,44,312,16,19.5,7.09,16.5,0,0,2019,,,,,,,,,,,
12,Ravichandran Ashwin,14,14,55,400,15,26.66,7.27,22,0,0,2019,,,,,,,,,,,
13,Ravindra Jadeja,16,16,54,343,15,22.86,6.35,21.6,0,0,2019,,,,,,,,,,,
14,Hardik Pandya,16,16,42,390,14,27.85,9.17,18.21,0,0,2019,,,,,,,,,,,
15,Chris Morris,9,9,33,306,13,23.53,9.27,15.23,0,0,2019,,,,,,,,,,,
16,Rahul Chahar,13,13,47,308,13,23.69,6.55,21.69,0,0,2019,,,,,,,,,,,
17,Ishant Sharma,13,13,46,349,13,26.84,7.58,21.23,0,0,2019,,,,,,,,,,,
18,Bhuvneshwar Kumar,15,15,59,461,13,35.46,7.81,27.23,0,0,2019,,,,,,,,,,,
19,Krunal Pandya,16,16,46,335,12,27.91,7.28,23,0,0,2019,,,,,,,,,,,
20,Sandeep Sharma,11,11,42,352,12,29.33,8.25,21.33,0,0,2019,,,,,,,,,,,
21,Dwayne Bravo,12,12,41,330,11,30,8.01,22.45,0,0,2019,,,,,,,,,,,
22,Amit Mishra,11,11,40,270,11,24.54,6.75,21.81,0,0,2019,,,,,,,,,,,
23,Andre Russell,14,12,30,287,11,26.09,9.51,16.45,0,0,2019,,,,,,,,,,,
24,Navdeep Saini,13,13,48,397,11,36.09,8.27,26.18,0,0,2019,,,,,,,,,,,
25,Jofra Archer,11,11,43,291,11,26.45,6.76,23.45,0,0,2019,,,,,,,,,,,
26,Sam Curran,9,9,33,323,10,32.3,9.78,19.8,1,0,2019,,,,,,,,,,,
27,Axar Patel,14,14,51,364,10,36.4,7.13,30.6,0,0,2019,,,,,,,,,,,
28,Piyush Chawla,13,13,44,399,10,39.9,8.96,26.7,0,0,2019,,,,,,,,,,,
29,Sunil Narine,12,12,44,347,10,34.7,7.82,26.6,0,0,2019,,,,,,,,,,,
30,Jaydev Unadkat,11,11,37,398,10,39.8,10.66,22.4,0,0,2019,,,,,,,,,,,
31,Keemo Paul,8,8,27,237,9,26.33,8.72,18.11,0,0,2019,,,,,,,,,,,
32,Shardul Thakur,10,9,30,281,8,35.12,9.36,22.5,0,0,2019,,,,,,,,,,,
33,Mohammad Nabi,8,8,29,194,8,24.25,6.65,21.87,1,0,2019,,,,,,,,,,,
34,Umesh Yadav,11,11,38,371,8,46.37,9.8,28.37,0,0,2019,,,,,,,,,,,
35,Sandeep Lamichhane,6,6,23,210,8,26.25,9.13,17.25,0,0,2019,,,,,,,,,,,
36,Mohammed Siraj,9,9,28,269,7,38.42,9.55,24.14,0,0,2019,,,,,,,,,,,
37,Harry Gurney,8,8,27,238,7,34,8.81,23.14,0,0,2019,,,,,,,,,,,
38,Hardus Viljoen,6,6,23,222,7,31.71,9.65,19.71,0,0,2019,,,,,,,,,,,
39,Siddarth Kaul,7,7,27,242,6,40.33,8.96,27,0,0,2019,,,,,,,,,,,
40,Moeen Ali,11,9,25,169,6,28.16,6.76,25,0,0,2019,,,,,,,,,,,
41,Alzarri Joseph,3,3,8,87,6,14.5,10.03,8.66,0,1,2019,,,,,,,,,,,
42,Dhawal Kulkarni,10,10,35,335,6,55.83,9.57,35,0,0,2019,,,,,,,,,,,
43,Ben Stokes,9,6,17,189,6,31.5,11.22,16.83,0,0,2019,,,,,,,,,,,
44,Jason Behrendorff,5,5,19,165,5,33,8.68,22.8,0,0,2019,,,,,,,,,,,
45,Trent Boult,5,5,19,163,5,32.6,8.57,22.8,0,0,2019,,,,,,,,,,,
46,Oshane Thomas,4,4,10,79,5,15.8,7.9,12,0,0,2019,,,,,,,,,,,
47,Murugan Ashwin,10,10,34,255,5,51,7.5,40.8,0,0,2019,,,,,,,,,,,
48,Washington Sundar,3,3,9,74,4,18.5,8.22,13.5,0,0,2019,,,,,,,,,,,
49,Dale Steyn,2,2,8,69,4,17.25,8.62,12,0,0,2019,,,,,,,,,,,
50,Ish Sodhi,2,2,7,67,4,16.75,9.34,10.75,0,0,2019,,,,,,,,,,,
51,Prasidh Krishna,11,11,40,377,4,94.25,9.34,60.5,0,0,2019,,,,,,,,,,,
52,Kuldeep Yadav,9,9,33,286,4,71.5,8.66,49.5,0,0,2019,,,,,,,,,,,
53,Mitchell Santner,4,4,14,94,4,23.5,6.71,21,0,0,2019,,,,,,,,,,,
54,Varun Aaron,5,5,12,116,4,29,9.66,18,0,0,2019,,,,,,,,,,,
55,Mujeeb Ur Rahman,5,5,19,191,3,63.66,10.05,38,0,0,2019,,,,,,,,,,,
56,Arshdeep Singh,3,3,10,109,3,36.33,10.9,20,0,0,2019,,,,,,,,,,,
57,Nitish Rana,14,6,8,72,3,24,9,16,0,0,2019,,,,,,,,,,,
58,Ankit Rajpoot,4,4,16,152,3,50.66,9.5,32,0,0,2019,,,,,,,,,,,
59,Pawan Negi,7,4,11,102,3,34,9.13,22.33,0,0,2019,,,,,,,,,,,
60,Andrew Tye,6,6,22,233,3,77.66,10.59,44,0,0,2019,,,,,,,,,,,
61,Mitchell McClenaghan,5,5,18,142,3,47.33,7.88,36,0,0,2019,,,,,,,,,,,
62,Shakib Al Hasan,3,3,11,95,2,47.5,8.76,32.5,0,0,2019,,,,,,,,,,,
63,Shahbaz Nadeem,3,3,9,90,2,45,10,27,0,0,2019,,,,,,,,,,,
64,Scott Kuggeleijn,2,2,8,71,2,35.5,8.87,24,0,0,2019,,,,,,,,,,,
65,Sandeep Warrier,3,3,12,85,2,42.5,7.08,36,0,0,2019,,,,,,,,,,,
66,Marcus Stoinis,10,6,16,145,2,72.5,8.7,50,0,0,2019,,,,,,,,,,,
67,Riyan Parag,7,7,14,121,2,60.5,8.64,42,0,0,2019,,,,,,,,,,,
68,Harshal Patel,2,2,8,77,2,38.5,9.62,24,0,0,2019,,,,,,,,,,,
69,Rahul Tewatia,5,3,6,42,2,21,6.63,19,0,0,2019,,,,,,,,,,,
70,Jagadeesha Suchith,1,1,4,28,2,14,7,12,0,0,2019,,,,,,,,,,,
71,Lockie Ferguson,5,5,17,183,2,91.5,10.76,51,0,0,2019,,,,,,,,,,,
72,Abhishek Sharma,3,2,2,21,1,21,10.5,12,0,0,2019,,,,,,,,,,,
73,Deepak Hooda,11,2,2,21,1,21,10.5,12,0,0,2019,,,,,,,,,,,
74,Vijay Shankar,15,5,8,70,1,70,8.75,48,0,0,2019,,,,,,,,,,,
75,Varun Chakaravarthy,1,1,3,35,1,35,11.66,18,0,0,2019,,,,,,,,,,,
76,Mayank Markande,3,3,6,59,1,59,9.83,36,0,0,2019,,,,,,,,,,,
77,Kulwant Khejroliya,2,2,5,47,1,47,9.4,30,0,0,2019,,,,,,,,,,,
78,Krishnappa Gowtham,7,7,20,166,1,166,8.3,120,0,0,2019,,,,,,,,,,,
79,Tim Southee,3,3,9,118,1,118,13.11,54,0,0,2019,,,,,,,,,,,
80,Karn Sharma,1,1,3,33,1,33,11.64,17,0,0,2019,,,,,,,,,,,
81,Stuart Binny,8,5,7,44,1,44,6.28,42,0,0,2019,,,,,,,,,,,
82,Anukul Roy,1,1,2,11,1,11,5.5,12,0,0,2019,,,,,,,,,,,
83,Mohit Sharma,1,1,3,27,1,27,9,18,0,0,2019,,,,,,,,,,,
84,Sherfane Rutherford,7,6,7,59,1,59,8.63,41,0,0,2019,,,,,,,,,,,
85,Ben Cutting,3,1,2,27,1,27,13.5,12,0,0,2019,,,,,,,,,,,
86,Jayant Yadav,2,2,7,50,1,50,7.14,42,0,0,2019,,,,,,,,,,,
87,Prithvi Raj Yarra,2,2,5,57,1,57,11.4,30,0,1,2019,,,,,,,,,,,
1,Kagiso Rabada,17,17,65,548,30,18.26,8.34,13.13,2,0,2020,,,,,,,,,,,
2,Jasprit Bumrah,15,15,60,404,27,14.96,6.73,13.33,2,0,2020,,,,,,,,,,,
3,Trent Boult,15,15,57,457,25,18.28,7.97,13.76,1,0,2020,,,,,,,,,,,
4,Anrich Nortje,16,16,61,512,22,23.27,8.39,16.63,0,0,2020,,,,,,,,,,,
5,Yuzvendra Chahal,15,15,57,405,21,19.28,7.08,16.33,0,0,2020,,,,,,,,,,,
6,Mohammad Shami,14,14,53,460,20,23,8.57,16.1,0,0,2020,,,,,,,,,,,
7,Jofra Archer,14,14,55,365,20,18.25,6.55,16.7,0,0,2020,,,,,,,,,,,
8,Rashid Khan,16,16,64,344,20,17.2,5.37,19.2,0,0,2020,,,,,,,,,,,
9,Varun Chakaravarthy,13,13,52,356,17,20.94,6.84,18.35,0,1,2020,,,,,,,,,,,
10,T Natarajan,16,16,63,504,16,31.5,8.02,23.56,0,0,2020,,,,,,,,,,,
11,Rahul Chahar,15,15,53,433,15,28.86,8.16,21.2,0,0,2020,,,,,,,,,,,
12,Jason Holder,7,7,28,233,14,16.64,8.32,12,0,0,2020,,,,,,,,,,,
13,Sandeep Sharma,13,13,52,374,14,26.71,7.19,22.28,0,0,2020,,,,,,,,,,,
14,Marcus Stoinis,17,13,29,283,13,21.76,9.53,13.69,0,0,2020,,,,,,,,,,,
15,Ravichandran Ashwin,15,15,51,391,13,30.07,7.66,23.53,0,0,2020,,,,,,,,,,,
16,Sam Curran,14,13,42,344,13,26.46,8.19,19.38,0,0,2020,,,,,,,,,,,
17,Pat Cummins,14,14,52,409,12,34.08,7.86,26,1,0,2020,,,,,,,,,,,
18,Ravi Bishnoi,14,14,51,376,12,31.33,7.37,25.5,0,0,2020,,,,,,,,,,,
19,Deepak Chahar,14,14,52,396,12,33,7.61,26,0,0,2020,,,,,,,,,,,
20,Mohammed Siraj,9,9,27,236,11,21.45,8.68,14.81,0,0,2020,,,,,,,,,,,
21,James Pattinson,10,10,35,320,11,29.09,9.01,19.36,0,0,2020,,,,,,,,,,,
22,Chris Morris,9,9,31,210,11,19.09,6.63,17.27,1,0,2020,,,,,,,,,,,
23,Shreyas Gopal,14,14,50,427,10,42.7,8.54,30,0,0,2020,,,,,,,,,,,
24,Murugan Ashwin,9,9,31,235,10,23.5,7.46,18.9,0,0,2020,,,,,,,,,,,
25,Shardul Thakur,9,9,32,275,10,27.5,8.5,19.4,0,0,2020,,,,,,,,,,,
26,Rahul Tewatia,14,14,46,326,10,32.6,7.08,27.6,0,0,2020,,,,,,,,,,,
27,Lungi Ngidi,4,4,16,167,9,18.55,10.43,10.66,0,0,2020,,,,,,,,,,,
28,Kartik Tyagi,10,10,38,367,9,40.77,9.61,25.44,0,0,2020,,,,,,,,,,,
29,Arshdeep Singh,8,8,25,218,9,24.22,8.77,16.55,0,0,2020,,,,,,,,,,,
30,Axar Patel,15,15,51,327,9,36.33,6.41,34,0,0,2020,,,,,,,,,,,
31,Shivam Mavi,8,8,26,212,9,23.55,8.15,17.33,0,0,2020,,,,,,,,,,,
32,Chris Jordan,9,9,31,304,9,33.77,9.65,21,0,0,2020,,,,,,,,,,,
33,Khaleel Ahmed,7,7,25,242,8,30.25,9.42,19.25,0,0,2020,,,,,,,,,,,
34,Isuru Udana,10,10,29,282,8,35.25,9.72,21.75,0,0,2020,,,,,,,,,,,
35,Washington Sundar,15,15,50,298,8,37.25,5.96,37.5,0,0,2020,,,,,,,,,,,
36,Piyush Chawla,7,7,21,191,6,31.83,9.09,21,0,0,2020,,,,,,,,,,,
37,Navdeep Saini,13,13,45,379,6,63.16,8.29,45.66,0,0,2020,,,,,,,,,,,
38,Sheldon Cottrell,6,6,20,176,6,29.33,8.8,20,0,0,2020,,,,,,,,,,,
39,Lockie Ferguson,5,5,20,148,6,24.66,7.46,19.83,0,0,2020,,,,,,,,,,,
40,Ravindra Jadeja,14,13,36,318,6,53,8.75,36.33,0,0,2020,,,,,,,,,,,
41,Krunal Pandya,16,16,50,380,6,63.33,7.57,50.16,0,0,2020,,,,,,,,,,,
42,Dwayne Bravo,6,6,21,180,6,30,8.57,21,0,0,2020,,,,,,,,,,,
43,Andre Russell,10,7,18,175,6,29.16,9.72,18,0,0,2020,,,,,,,,,,,
44,Shahbaz Nadeem,7,7,22,178,5,35.6,8.09,26.4,0,0,2020,,,,,,,,,,,
45,Nathan Coulter-Nile,7,7,26,206,5,41.2,7.92,31.2,0,0,2020,,,,,,,,,,,
46,Karn Sharma,5,5,19,165,5,33,8.68,22.8,0,0,2020,,,,,,,,,,,
47,Kamlesh Nagarkoti,10,9,26,231,5,46.2,8.88,31.2,0,0,2020,,,,,,,,,,,
48,Sunil Narine,10,10,38,302,5,60.4,7.94,45.6,0,0,2020,,,,,,,,,,,
49,Vijay Shankar,7,5,13,82,4,20.5,6.22,19.75,0,0,2020,,,,,,,,,,,
50,Shivam Dube,11,5,9,73,4,18.25,8.11,13.5,0,0,2020,,,,,,,,,,,
51,Kieron Pollard,16,11,21,190,4,47.5,9.04,31.5,0,0,2020,,,,,,,,,,,
52,Prasidh Krishna,6,6,17,164,4,41,9.37,26.25,0,0,2020,,,,,,,,,,,
53,Jaydev Unadkat,7,7,23,228,4,57,9.91,34.5,0,0,2020,,,,,,,,,,,
54,Bhuvneshwar Kumar,4,4,14,99,3,33,6.98,28.33,0,0,2020,,,,,,,,,,,
55,Glenn Maxwell,13,7,21,169,3,56.33,8.04,42,0,0,2020,,,,,,,,,,,
56,Harshal Patel,5,5,15,134,3,44.66,8.93,30,0,0,2020,,,,,,,,,,,
57,Tom Curran,5,5,18,208,3,69.33,11.44,36.33,0,0,2020,,,,,,,,,,,
58,Tushar Deshpande,5,5,17,192,3,64,11.29,34,0,0,2020,,,,,,,,,,,
59,Amit Mishra,3,3,10,72,3,24,7.2,20,0,0,2020,,,,,,,,,,,
60,Ankit Rajpoot,6,6,17,199,2,99.5,11.7,51,0,0,2020,,,,,,,,,,,
61,Siddarth Kaul,1,1,4,64,2,32,16,12,0,0,2020,,,,,,,,,,,
62,Ben Stokes,8,6,15,154,2,77,10.26,45,0,0,2020,,,,,,,,,,,
63,Adam Zampa,3,3,11,92,2,46,8.36,33,0,0,2020,,,,,,,,,,,
64,Abhishek Sharma,8,6,10,91,2,45.5,9.1,30,0,0,2020,,,,,,,,,,,
65,Shahbaz Ahmed,2,2,6,44,2,22,7.33,18,0,0,2020,,,,,,,,,,,
66,Jimmy Neesham,5,5,15,148,2,74,9.86,45,0,0,2020,,,,,,,,,,,
67,Mitchell Santner,2,2,7,53,2,26.5,7.57,21,0,0,2020,,,,,,,,,,,
68,Dale Steyn,3,3,11,133,1,133,11.4,70,0,0,2020,,,,,,,,,,,
69,Basil Thampi,1,1,4,46,1,46,11.5,24,0,0,2020,,,,,,,,,,,
70,Imran Tahir,3,3,11,76,1,76,6.9,66,0,0,2020,,,,,,,,,,,
71,Jayant Yadav,2,2,7,43,1,43,6.14,42,0,0,2020,,,,,,,,,,,
72,Andrew Tye,1,1,4,50,1,50,12.5,24,0,0,2020,,,,,,,,,,,
73,Josh Hazlewood,3,3,10,64,1,64,6.4,60,0,0,2020,,,,,,,,,,,
74,Mohit Sharma,1,1,4,45,1,45,11.25,24,0,0,2020,,,,,,,,,,,
75,Krishnappa Gowtham,2,2,8,84,1,84,10.5,48,0,0,2020,,,,,,,,,,,
76,Moeen Ali,3,3,5,42,1,42,8.4,30,0,0,2020,,,,,,,,,,,
77,Kuldeep Yadav,5,4,12,92,1,92,7.66,72,0,0,2020,,,,,,,,,,,
78,Abdul Samad,12,3,7,96,1,96,13.71,42,0,1,2020,,,,,,,,,,,
1,Harshal Patel,15,15,56,459,32,14.34,8.14,10.56,1,1,2021,,,,,,,,,,,
2,Avesh Khan,16,16,61,450,24,18.75,7.37,15.25,0,0,2021,,,,,,,,,,,
3,Jasprit Bumrah,14,14,55,410,21,19.52,7.45,15.71,0,0,2021,,,,,,,,,,,
4,Shardul Thakur,16,16,60,527,21,25.09,8.8,17.09,0,0,2021,,,,,,,,,,,
5,Mohammad Shami,14,14,52,395,19,20.78,7.5,16.63,0,0,2021,,,,,,,,,,,
6,Rashid Khan,14,14,56,375,18,20.83,6.69,18.66,0,0,2021,,,,,,,,,,,
7,Arshdeep Singh,12,12,41,342,18,19,8.27,13.77,0,1,2021,,,,,,,,,,,
8,Varun Chakaravarthy,17,17,68,448,18,24.88,6.58,22.66,0,0,2021,,,,,,,,,,,
9,Yuzvendra Chahal,15,15,53,374,18,20.77,7.05,17.66,0,0,2021,,,,,,,,,,,
10,Jason Holder,8,8,32,247,16,15.43,7.75,11.93,1,0,2021,,,,,,,,,,,
11,Sunil Narine,14,14,56,361,16,22.56,6.44,21,1,0,2021,,,,,,,,,,,
12,Chris Morris,11,11,41,376,15,25.06,9.17,16.4,1,0,2021,,,,,,,,,,,
13,Axar Patel,12,12,46,306,15,20.4,6.65,18.4,0,0,2021,,,,,,,,,,,
14,Kagiso Rabada,15,15,56,456,15,30.4,8.14,22.4,0,0,2021,,,,,,,,,,,
15,Chetan Sakariya,14,14,52,426,14,30.42,8.19,22.28,0,0,2021,,,,,,,,,,,
16,Deepak Chahar,15,15,54,451,14,32.21,8.35,23.14,2,0,2021,,,,,,,,,,,
17,Dwayne Bravo,11,11,33,263,14,18.78,7.81,14.42,0,0,2021,,,,,,,,,,,
18,Mustafizur Rahman,14,14,52,436,14,31.14,8.41,22.21,0,0,2021,,,,,,,,,,,
19,Ravindra Jadeja,16,16,49,346,13,26.61,7.06,22.61,0,0,2021,,,,,,,,,,,
20,Lockie Ferguson,8,8,30,224,13,17.23,7.46,13.84,0,0,2021,,,,,,,,,,,
21,Trent Boult,14,14,51,406,13,31.23,7.9,23.69,0,0,2021,,,,,,,,,,,
22,Rahul Chahar,11,11,43,318,13,24.46,7.39,19.84,1,0,2021,,,,,,,,,,,
23,Ravi Bishnoi,9,9,35,222,12,18.5,6.34,17.5,0,0,2021,,,,,,,,,,,
24,Anrich Nortje,8,8,30,187,12,15.58,6.16,15.16,0,0,2021,,,,,,,,,,,
25,Prasidh Krishna,10,10,38,351,12,29.25,9.11,19.25,0,0,2021,,,,,,,,,,,
26,Shivam Mavi,9,9,32,233,11,21.18,7.24,17.54,1,0,2021,,,,,,,,,,,
27,Josh Hazlewood,9,9,35,293,11,26.63,8.37,19.09,0,0,2021,,,,,,,,,,,
28,Mohammed Siraj,15,15,52,353,11,32.09,6.78,28.36,0,0,2021,,,,,,,,,,,
29,Andre Russell,10,8,19,188,11,17.09,9.89,10.36,0,1,2021,,,,,,,,,,,
30,Pat Cummins,7,7,27,237,9,26.33,8.83,17.88,0,0,2021,,,,,,,,,,,
31,Sam Curran,9,9,33,328,9,36.44,9.93,22,0,0,2021,,,,,,,,,,,
32,Kyle Jamieson,9,9,28,269,9,29.88,9.6,18.66,0,0,2021,,,,,,,,,,,
33,Rahul Tewatia,14,13,37,340,8,42.5,9.18,27.75,0,0,2021,,,,,,,,,,,
34,Siddarth Kaul,8,8,30,247,7,35.28,8.23,25.71,0,0,2021,,,,,,,,,,,
35,Nathan Coulter-Nile,5,5,20,127,7,18.14,6.35,17.14,1,0,2021,,,,,,,,,,,
36,Ravichandran Ashwin,13,13,44,331,7,47.28,7.41,38.28,0,0,2021,,,,,,,,,,,
37,Shahbaz Ahmed,11,6,14,92,7,13.14,6.57,12,0,0,2021,,,,,,,,,,,
38,Amit Mishra,4,4,14,109,6,18.16,7.78,14,1,0,2021,,,,,,,,,,,
39,Bhuvneshwar Kumar,11,11,42,335,6,55.83,7.97,42,0,0,2021,,,,,,,,,,,
40,Moeen Ali,15,10,25,161,6,26.83,6.35,25.33,0,0,2021,,,,,,,,,,,
41,Lungi Ngidi,3,3,12,125,5,25,10.41,14.4,0,0,2021,,,,,,,,,,,
42,Chris Woakes,3,3,11,82,5,16.4,7.45,13.2,0,0,2021,,,,,,,,,,,
43,Krunal Pandya,13,12,33,265,5,53,7.98,39.8,0,0,2021,,,,,,,,,,,
44,Jimmy Neesham,3,3,9,66,5,13.2,7.33,10.8,0,0,2021,,,,,,,,,,,
45,Harpreet Brar,7,7,23,139,5,27.8,6.04,27.6,0,0,2021,,,,,,,,,,,
46,Kieron Pollard,14,9,13,95,5,19,7.21,15.8,0,0,2021,,,,,,,,,,,
47,Khaleel Ahmed,7,7,27,219,5,43.8,8.11,32.4,0,0,2021,,,,,,,,,,,
48,Abhishek Sharma,8,6,10,64,4,16,6.4,15,0,0,2021,,,,,,,,,,,
49,Lalit Yadav,7,5,14,101,4,25.25,7.21,21,0,0,2021,,,,,,,,,,,
50,Jaydev Unadkat,6,6,22,168,4,42,7.63,33,0,0,2021,,,,,,,,,,,
51,Tom Curran,3,3,11,104,4,26,9.17,17,0,0,2021,,,,,,,,,,,
52,Chris Jordan,4,4,12,96,4,24,8,18,0,0,2021,,,,,,,,,,,
53,Kartik Tyagi,4,4,14,124,4,31,8.85,21,0,0,2021,,,,,,,,,,,
54,Moises Henriques,5,5,10,45,4,11.25,4.5,15,0,0,2021,,,,,,,,,,,
55,Dan Christian,9,9,16,155,4,38.75,9.3,25,0,0,2021,,,,,,,,,,,
56,Riley Meredith,5,5,17,169,4,42.25,9.94,25.5,0,0,2021,,,,,,,,,,,
57,Shakib Al Hasan,8,8,26,187,4,46.75,7.19,39,0,0,2021,,,,,,,,,,,
58,Washington Sundar,6,6,16,118,3,39.33,7.37,32,0,0,2021,,,,,,,,,,,
59,Venkatesh Iyer,10,4,8,69,3,23,8.11,17,0,0,2021,,,,,,,,,,,
60,Sandeep Sharma,7,7,23,203,3,67.66,8.63,47,0,0,2021,,,,,,,,,,,
61,Adam Milne,4,4,14,131,3,43.66,9.35,28,0,0,2021,,,,,,,,,,,
62,Tim Southee,3,3,12,95,3,31.66,7.91,24,0,0,2021,,,,,,,,,,,
63,Vijay Shankar,7,5,11,100,3,33.33,9.09,22,0,0,2021,,,,,,,,,,,
64,Jhye Richardson,3,3,11,117,3,39,10.63,22,0,0,2021,,,,,,,,,,,
65,Glenn Maxwell,15,6,16,135,3,45,8.43,32,0,0,2021,,,,,,,,,,,
66,George Garton,5,5,15,135,3,45,9,30,0,0,2021,,,,,,,,,,,
67,T Natarajan,2,2,8,69,2,34.5,8.62,24,0,0,2021,,,,,,,,,,,
68,Jayant Yadav,5,5,17,130,2,65,7.64,51,0,0,2021,,,,,,,,,,,
69,Imran Tahir,1,1,4,16,2,8,4,12,0,0,2021,,,,,,,,,,,
70,Umran Malik,3,3,12,96,2,48,8,36,0,0,2021,,,,,,,,,,,
71,Marco Jansen,2,2,6,45,2,22.5,7.5,18,0,0,2021,,,,,,,,,,,
72,Marcus Stoinis,10,8,11,117,2,58.5,10.47,33.5,0,0,2021,,,,,,,,,,,
73,Mohammad Nabi,3,3,8,86,2,43,10.75,24,0,0,2021,,,,,,,,,,,
74,Mujeeb Ur Rahman,1,1,4,29,2,14.5,7.25,12,0,0,2021,,,,,,,,,,,
75,Deepak Hooda,12,7,16,136,2,68,8.5,48,0,0,2021,,,,,,,,,,,
76,Fabian Allen,4,3,11,90,1,90,8.18,66,0,0,2021,,,,,,,,,,,
77,Glenn Phillips,3,2,2,20,1,20,10,12,0,0,2021,,,,,,,,,,,
78,Piyush Chawla,1,1,4,38,1,38,9.5,24,0,0,2021,,,,,,,,,,,
79,Ishan Porel,1,1,4,39,1,39,9.75,24,0,0,2021,,,,,,,,,,,
80,Daniel Sams,2,2,6,39,1,39,6.5,36,0,0,2021,,,,,,,,,,,
81,Ishant Sharma,3,3,12,97,1,97,8.08,72,0,0,2021,,,,,,,,,,,
82,Kane Richardson,1,1,3,29,1,29,9.66,18,0,0,2021,,,,,,,,,,,
83,KM Asif,1,1,2,18,1,18,8.3,13,0,0,2021,,,,,,,,,,,
84,Shahbaz Nadeem,1,1,4,36,1,36,9,24,0,0,2021,,,,,,,,,,,
85,Lukman Meriwala,1,1,3,32,1,32,10.66,18,0,0,2021,,,,,,,,,,,
86,Mahipal Lomror,4,4,7,47,1,47,6.71,42,0,0,2021,,,,,,,,,,,
87,Riyan Parag,11,6,6,73,1,73,11.83,37,0,0,2021,,,,,,,,,,,
88,Murugan Ashwin,3,3,11,97,1,97,8.81,66,0,0,2021,,,,,,,,,,,
89,Nathan Ellis,3,3,12,98,1,98,8.16,72,0,1,2021,,,,,,,,,,,
1,Yuzvendra Chahal,17,17,68,527,27,19.51,7.75,15.11,1,1,2022,,,,,,,,,,,
2,Wanindu Hasaranga,16,16,57,430,26,16.53,7.54,13.15,1,1,2022,,,,,,,,,,,
3,Kagiso Rabada,13,13,48,406,23,17.65,8.45,12.52,2,0,2022,,,,,,,,,,,
4,Umran Malik,14,14,49.1,444,22,20.18,9.03,13.4,1,1,2022,,,,,,,,,,,
5,Kuldeep Yadav,14,14,49.4,419,21,19.95,8.43,14.19,2,0,2022,,,,,,,,,,,
6,Mohammad Shami,16,16,61,488,20,24.4,8,18.3,0,0,2022,,,,,,,,,,,
7,Josh Hazlewood,12,12,46.3,377,20,18.85,8.1,13.95,1,0,2022,,,,,,,,,,,
8,Rashid Khan,16,16,63.5,421,19,22.15,6.59,20.15,1,0,2022,,,,,,,,,,,
9,Harshal Patel,15,15,53.3,410,19,21.57,7.66,16.89,1,0,2022,,,,,,,,,,,
10,Prasidh Krishna,17,17,66.3,551,19,29,8.28,21,0,0,2022,,,,,,,,,,,
11,Avesh Khan,13,13,47.4,416,18,23.11,8.72,15.88,1,0,2022,,,,,,,,,,,
12,T Natarajan,11,11,43,406,18,22.55,9.44,14.33,0,0,2022,,,,,,,,,,,
13,Andre Russell,14,13,28.1,278,17,16.35,9.86,9.94,1,0,2022,,,,,,,,,,,
14,Umesh Yadav,12,12,48,339,16,21.18,7.06,18,1,0,2022,,,,,,,,,,,
15,Trent Boult,16,16,62,492,16,30.75,7.93,23.25,0,0,2022,,,,,,,,,,,
16,Khaleel Ahmed,10,10,39.1,315,16,19.68,8.04,14.68,0,0,2022,,,,,,,,,,,
17,Dwayne Bravo,10,10,34.2,299,16,18.68,8.7,12.87,0,0,2022,,,,,,,,,,,
18,Mukesh Choudhary,13,13,45.3,424,16,26.5,9.31,17.06,1,0,2022,,,,,,,,,,,
19,Jasprit Bumrah,14,14,53.2,383,15,25.53,7.18,21.33,0,1,2022,,,,,,,,,,,
20,Shardul Thakur,14,14,48.2,473,15,31.53,9.78,19.33,1,0,2022,,,,,,,,,,,
21,Mohsin Khan,9,9,33,197,14,14.07,5.96,14.14,1,0,2022,,,,,,,,,,,
22,Rahul Chahar,13,13,46.4,360,14,25.71,7.71,20,0,0,2022,,,,,,,,,,,
23,Tim Southee,9,9,35,275,14,19.64,7.85,15,0,0,2022,,,,,,,,,,,
24,Jason Holder,12,12,41.3,391,14,27.92,9.42,17.78,0,0,2022,,,,,,,,,,,
25,Ravi Bishnoi,14,14,54,456,13,35.07,8.44,24.92,0,0,2022,,,,,,,,,,,
26,Daniel Sams,11,11,42,370,13,28.46,8.8,19.38,1,0,2022,,,,,,,,,,,
27,Bhuvneshwar Kumar,14,14,52.1,383,12,31.91,7.34,26.08,0,0,2022,,,,,,,,,,,
28,Maheesh Theekshana,9,9,35,261,12,21.75,7.45,17.5,1,0,2022,,,,,,,,,,,
29,Ravichandran Ashwin,17,17,67,503,12,41.91,7.5,33.5,0,0,2022,,,,,,,,,,,
30,Lockie Ferguson,13,13,47.4,427,12,35.58,8.95,23.83,1,0,2022,,,,,,,,,,,
31,Obed McCoy,7,7,25.5,237,11,21.54,9.17,14.09,0,0,2022,,,,,,,,,,,
32,Yash Dayal,9,9,32,296,11,26.9,9.25,17.45,0,0,2022,,,,,,,,,,,
33,Krunal Pandya,14,12,38,265,10,26.5,6.97,22.8,0,0,2022,,,,,,,,,,,
34,Arshdeep Singh,14,14,50,385,10,38.5,7.7,30,0,0,2022,,,,,,,,,,,
35,Sunil Narine,14,14,56,312,9,34.66,5.57,37.33,0,0,2022,,,,,,,,,,,
36,Murugan Ashwin,8,8,29,228,9,25.33,7.86,19.33,0,0,2022,,,,,,,,,,,
37,Dushmantha Chameera,12,12,44,384,9,42.66,8.72,29.33,0,0,2022,,,,,,,,,,,
38,Anrich Nortje,6,6,22.2,217,9,24.11,9.71,14.88,0,0,2022,,,,,,,,,,,
39,Mohammed Siraj,15,15,51,514,9,57.11,10.07,34,0,0,2022,,,,,,,,,,,
40,Moeen Ali,10,10,23.5,158,8,19.75,6.62,17.87,0,0,2022,,,,,,,,,,,
41,Hardik Pandya,15,10,30.3,222,8,27.75,7.27,22.87,0,0,2022,,,,,,,,,,,
42,Mustafizur Rahman,8,8,32,244,8,30.5,7.62,24,0,0,2022,,,,,,,,,,,
43,Riley Meredith,8,8,28,236,8,29.5,8.42,21,0,0,2022,,,,,,,,,,,
44,Kuldeep Sen,7,7,25.1,237,8,29.62,9.41,18.87,1,0,2022,,,,,,,,,,,
45,Jagadeesha Suchith,5,5,18,140,7,20,7.77,15.42,0,0,2022,,,,,,,,,,,
46,Marco Jansen,8,8,32,274,7,39.14,8.56,27.42,0,0,2022,,,,,,,,,,,
47,Alzarri Joseph,9,9,30,264,7,37.71,8.8,25.71,0,0,2022,,,,,,,,,,,
48,Pat Cummins,5,5,19.5,212,7,30.28,10.68,17,0,0,2022,,,,,,,,,,,
49,Glenn Maxwell,13,10,24,165,6,27.5,6.87,24,0,0,2022,,,,,,,,,,,
50,Axar Patel,13,13,43,321,6,53.5,7.46,43,0,0,2022,,,,,,,,,,,
51,Sai Kishore,5,5,16,121,6,20.16,7.56,16,0,0,2022,,,,,,,,,,,
52,Rishi Dhawan,6,6,19,156,6,26,8.21,19,0,0,2022,,,,,,,,,,,
53,Varun Chakaravarthy,11,11,39,332,6,55.33,8.51,39,0,0,2022,,,,,,,,,,,
54,Washington Sundar,9,8,28,239,6,39.83,8.53,28,0,0,2022,,,,,,,,,,,
55,Liam Livingstone,14,12,23,202,6,33.66,8.78,23,0,0,2022,,,,,,,,,,,
56,Ramandeep Singh,5,3,6,54,6,9,9,6,0,0,2022,,,,,,,,,,,
57,Jaydev Unadkat,5,5,20,190,6,31.66,9.5,20,0,0,2022,,,,,,,,,,,
58,Dwaine Pretorius,6,6,21,210,6,35,10,21,0,0,2022,,,,,,,,,,,
59,Tymal Mills,5,5,17,190,6,31.66,11.17,17,0,0,2022,,,,,,,,,,,
60,Odean Smith,6,6,15,178,6,29.66,11.86,15,1,0,2022,,,,,,,,,,,
61,Ravindra Jadeja,10,10,33,248,5,49.6,7.51,39.6,0,0,2022,,,,,,,,,,,
62,Kumar Kartikeya Singh,4,4,13,102,5,20.4,7.84,15.6,0,0,2022,,,,,,,,,,,
63,Krishnappa Gowtham,4,4,12,99,5,19.8,8.25,14.4,0,0,2022,,,,,,,,,,,
64,Basil Thampi,5,5,16,152,5,30.4,9.5,19.2,0,0,2022,,,,,,,,,,,
65,Shivam Mavi,6,6,22,227,5,45.4,10.31,26.4,0,0,2022,,,,,,,,,,,
66,Akash Deep,5,5,18.5,205,5,41,10.88,22.6,0,0,2022,,,,,,,,,,,
67,Mitchell Santner,6,6,19,130,4,32.5,6.84,28.5,0,0,2022,,,,,,,,,,,
68,Simarjeet Singh,6,6,18,138,4,34.5,7.66,27,0,0,2022,,,,,,,,,,,
69,Lalit Yadav,12,8,18,150,4,37.5,8.33,27,0,0,2022,,,,,,,,,,,
70,Mitchell Marsh,8,4,12,102,4,25.5,8.5,18,0,0,2022,,,,,,,,,,,
71,Kieron Pollard,11,6,14,125,4,31.25,8.92,21,0,0,2022,,,,,,,,,,,
72,Harpreet Brar,5,5,16,146,4,36.5,9.12,24,0,0,2022,,,,,,,,,,,
73,Shahbaz Ahmed,16,14,35,336,4,84,9.6,52.5,0,0,2022,,,,,,,,,,,
74,Marcus Stoinis,11,5,7,79,4,19.75,11.28,10.5,0,0,2022,,,,,,,,,,,
75,Pradeep Sangwan,3,3,9,65,3,21.66,7.22,18,0,0,2022,,,,,,,,,,,
76,Chetan Sakariya,3,3,11,84,3,28,7.63,22,0,0,2022,,,,,,,,,,,
77,Nathan Ellis,2,2,6,55,3,18.33,9.16,12,0,0,2022,,,,,,,,,,,
78,Vaibhav Arora,5,5,17.5,164,3,54.66,9.19,35.66,0,0,2022,,,,,,,,,,,
79,Romario Shepherd,3,3,9,98,3,32.66,10.88,18,0,0,2022,,,,,,,,,,,
80,Navdeep Saini,2,2,6,72,3,24,12,12,0,0,2022,,,,,,,,,,,
81,Ayush Badoni,13,2,2,11,2,5.5,5.5,6,0,0,2022,,,,,,,,,,,
82,Prashant Solanki,2,2,6,38,2,19,6.33,18,0,0,2022,,,,,,,,,,,
83,Matheesha Pathirana,2,2,6.5,52,2,26,7.6,20.5,0,0,2022,,,,,,,,,,,
84,Sandeep Sharma,5,5,20,153,2,76.5,7.65,60,0,0,2022,,,,,,,,,,,
85,Hrithik Shokeen,5,5,15,127,2,63.5,8.46,45,0,0,2022,,,,,,,,,,,
86,Fazalhaq Farooqi,3,3,12,110,2,55,9.16,36,0,0,2022,,,,,,,,,,,
87,Andrew Tye,3,3,11,107,2,53.5,9.72,33,0,0,2022,,,,,,,,,,,
88,Varun Aaron,2,2,5,52,2,26,10.4,15,0,0,2022,,,,,,,,,,,
89,Chris Jordan,4,4,12.5,135,2,67.5,10.51,38.5,0,0,2022,,,,,,,,,,,
90,Darshan Nalkande,2,2,5.1,59,2,29.5,11.41,15.5,0,0,2022,,,,,,,,,,,
91,David Willey,4,4,11,72,1,72,6.54,66,0,0,2022,,,,,,,,,,,
92,Anukul Roy,2,2,7,55,1,55,7.85,42,0,0,2022,,,,,,,,,,,
93,Mayank Markande,2,2,7,57,1,57,8.14,42,0,0,2022,,,,,,,,,,,
94,Tushar Deshpande,2,2,7,63,1,63,9,42,0,0,2022,,,,,,,,,,,
95,Kartik Tyagi,2,2,8,79,1,79,9.87,48,0,0,2022,,,,,,,,,,,
96,Harshit Rana,2,2,5,51,1,51,10.2,30,0,0,2022,,,,,,,,,,,
97,Aiden Markram,14,4,6,64,1,64,10.66,36,0,0,2022,,,,,,,,,,,
98,Deepak Hooda,15,2,4,43,1,43,10.75,24,0,0,2022,,,,,,,,,,,
99,Shreyas Gopal,1,1,3,34,1,34,11.33,18,0,0,2022,,,,,,,,,,,
100,Fabian Allen,1,1,4,46,1,46,11.5,24,0,0,2022,,,,,,,,,,,
101,Sean Abbott,1,1,4,47,1,47,11.75,24,0,0,2022,,,,,,,,,,,
102,Riyan Parag,17,4,4,59,1,59,14.75,24,0,0,2022,,,,,,,,,,,
103,Dewald Brevis,7,1,0.3,8,1,8,16,3,0,0,2022,,,,,,,,,,,
